<?xml version="1.0" encoding="UTF-8"?>
<project-private xmlns="http://www.netbeans.org/ns/project-private/1">
    <editor-bookmarks xmlns="http://www.netbeans.org/ns/editor-bookmarks/2" lastBookmarkId="0"/>
    <open-files xmlns="http://www.netbeans.org/ns/projectui-open-files/2">
        <group>
            <file>file:/home/herrboh/Developer/Java/LoginAppMVC/src/Modelo/limitadorCaracteres.java</file>
            <file>file:/home/herrboh/Developer/Java/LoginAppMVC/src/loginapp/LoginAppMVC.java</file>
            <file>file:/home/herrboh/Developer/Java/LoginAppMVC/src/retiro/vistaretiro.java</file>
            <file>file:/home/herrboh/Developer/Java/LoginAppMVC/src/loginapp/VistaLogin.java</file>
            <file>file:/home/herrboh/Developer/Java/LoginAppMVC/src/loginapp/limitadorCaracteres.java</file>
            <file>file:/home/herrboh/Developer/Java/LoginAppMVC/src/loginapp/ModeloLogin.java</file>
            <file>file:/home/herrboh/Developer/Java/LoginAppMVC/src/retiro/controlretiro.java</file>
            <file>file:/home/herrboh/Developer/Java/LoginAppMVC/src/Modelo/BDRegistro.java</file>
            <file>file:/home/herrboh/Developer/Java/LoginAppMVC/src/Controlador/ControlRegistro.java</file>
            <file>file:/home/herrboh/Developer/Java/LoginAppMVC/src/retiro/limitadorCaracteres.java</file>
            <file>file:/home/herrboh/Developer/Java/LoginAppMVC/src/menuprincipal/controlmenuprincipal.java</file>
        </group>
    </open-files>
</project-private>
